Year numeric,Year categorical,Region,Gender,Age,Age categorical,Country,New Zealand European,Maori,Samoan,Cook Islands Maori,Tongan,Niuean,Chinese,Indian,Other ethnicity,Languages spoken,Eye Colour,Handedness,Height,Right foot length,Wrist circumference,Left thumb circumference,Travel method to school,Travel time to school,Bag weight,Litter in lunch,Fruit/vegetables in lunch,Memory time,Reaction time,Time standing on left leg,Physical activity - before school,Physical activity - at school,Physical activity - after school,Physical activity - on the weekend,Scheduled activities in last week,Screen time after school,Favourite video game,Own cell phone,Facebook account,Instagram account,Snapchat account,Reddit account,YouTube channel,Technology - None of these,Check messages as soon as you wake up,Respond to messages immediately,Take phone to school,Lose focus as school due to phone,Feeling without phone - Angry,Feeling without phone - Anxious,Feeling without phone - Frustrated,Feeling without phone - Happy,Feeling without phone - Lonely,Feeling without phone - Relieved,Feeling without phone - Sad,Feeling without phone - Neutral,Screen time opinion - On your phone,Screen time opinion - On social media,Screen time opinion - Playing video games,Bed time,Wake time,Sleep time,Time you get home from school,Time you ate dinner,Climate change opinion,How true: I get carried away by my feelings,How true: I say the first thing that comes into my mind without thinking enough about it,"How true: I can't stop myself from doing something, even if I know it is wrong",How true: I try to talk out a problem instead of fighting,How true: It is easy for me to make friends,How true: I know how to stand up for myself without being mean,How wrong - Drink alcohol,How wrong - Smoke tobacco cigarettes,How wrong - Smoke e-cigarettes,How wrong - Smoke marijuana,How wrong (caregivers/parents) - Drink alcohol,How wrong (caregivers/parents) - Smoke tobacco cigarettes,How wrong (caregivers/parents) - Smoke e-cigarettes,How wrong (caregivers/parents) - Smoke marijuana
11,Year 11,Southland,female,15.0,Age 15,New Zealand,yes,yes,no,no,no,no,no,no,,2.0,brown,right,164.0,21.0,19.0,7.0,bus,80.0,7.0,yes,2.0,48.0,,33.0,0,0,0,2.0,3.0,1.0,Grand Theft Auto 5,yes,yes,yes,yes,no,no,no,rarely,sometimes,often,never,no,no,no,no,no,no,no,yes,aboutright,aboutright,toolittle,21:30:00,06:30:00,9.0,16:30:00,18:00:00,dontknow,-78.0,85.0,-36.0,8.0,-33.0,58.0,100.0,100.0,100.0,100.0,25.0,100.0,100.0,100.0
11,Year 11,Canterbury,male,15.0,Age 15,New Zealand,yes,no,no,no,no,no,no,no,,1.0,brown,right,177.0,25.0,16.0,7.0,bus,15.0,4.5,yes,1.0,63.0,0.51,90.0,0,2,2,2.0,5.75,3.0,Forza Horizon,yes,yes,yes,yes,no,no,no,sometimes,sometimes,always,rarely,no,no,no,no,no,no,no,yes,aboutright,aboutright,aboutright,23:00:00,07:30:00,8.5,16:00:00,19:00:00,future,-100.0,-100.0,-100.0,100.0,100.0,100.0,0.0,100.0,0.0,100.0,,100.0,100.0,100.0
11,Year 11,Bay of Plenty,female,15.0,Age 15,New Zealand,yes,no,no,no,no,no,no,no,,1.0,green,right,167.0,22.0,16.0,7.0,bus,30.0,7.0,no,3.0,60.0,4.82,25.0,3+,1,3+,1.0,0.0,3.0,Don't Have One,yes,yes,yes,yes,no,no,no,sometimes,sometimes,always,rarely,no,no,no,no,yes,no,no,no,toomuch,toomuch,aboutright,22:30:00,06:00:00,7.5,16:30:00,18:30:00,dontknow,8.0,-67.0,-42.0,44.0,-78.0,12.0,-5.0,68.0,53.0,56.0,-29.0,100.0,78.0,100.0
12,Year 12,Otago,female,16.0,Age 16,New Zealand,yes,no,no,no,no,no,no,no,,1.0,blue,right,153.0,20.0,15.0,6.0,walk,10.0,3.8,no,3.0,58.0,0.741,71.0,3+,3+,3+,2.0,9.0,3.0,Don't Have One,yes,yes,yes,yes,yes,no,no,often,always,always,sometimes,no,no,no,no,no,yes,no,yes,toomuch,aboutright,toolittle,23:30:00,07:00:00,7.5,18:30:00,19:00:00,urgent,68.0,,,,31.0,-43.0,,75.0,,76.0,14.0,100.0,100.0,100.0
11,Year 11,Auckland,female,16.0,Age 16,New Zealand,no,no,no,no,no,no,yes,no,,3.0,brown,left,162.0,24.0,14.0,5.0,motor,5.0,7.4,nolunch,0.0,37.0,0.389,12.0,1,1,1,0.0,0.0,,Don't Have One,yes,yes,yes,no,no,no,no,sometimes,sometimes,always,sometimes,yes,no,no,no,yes,no,yes,no,toomuch,aboutright,toomuch,13:00:00,07:30:00,18.5,17:00:00,20:00:00,future,5.0,12.0,-19.0,-15.0,-12.0,-37.0,40.0,100.0,100.0,100.0,-5.0,100.0,100.0,100.0
11,Year 11,Auckland,female,16.0,Age 16,China,no,no,no,no,no,no,yes,no,,2.0,brown,right,167.0,25.0,17.0,7.0,walk,32.0,3.5,no,2.0,88.0,0.513,37.0,0,1,0,1.0,2.5,4.75,Don't Have One,yes,no,yes,no,no,yes,no,sometimes,often,always,rarely,no,no,no,no,yes,no,no,yes,aboutright,aboutright,toomuch,22:30:00,07:00:00,8.5,16:00:00,18:30:00,dontknow,-98.0,-43.0,-100.0,-23.0,,53.0,100.0,100.0,100.0,100.0,0.0,100.0,23.0,100.0
13,Year 13,Auckland,male,17.0,Age 17,South Africa,yes,no,no,no,no,no,no,no,,1.0,brown,right,193.0,31.0,14.0,7.0,motor,15.0,5.9,no,0.0,24.0,0.382,50.0,1,,3+,,1.0,1.0,Dauntless,yes,yes,yes,no,yes,no,no,never,sometimes,often,sometimes,no,no,no,no,no,no,no,yes,aboutright,aboutright,toomuch,23:30:00,07:00:00,7.5,16:00:00,19:30:00,urgent,-100.0,-100.0,-56.0,-1.0,-54.0,44.0,-100.0,48.0,48.0,-47.0,-100.0,100.0,47.0,-42.0
12,Year 12,Bay of Plenty,male,16.0,Age 16,New Zealand,no,yes,no,no,no,no,no,no,,1.0,hazel,right,187.0,31.0,19.0,7.0,motor,5.0,1.0,yes,0.0,51.0,0.363,100.0,0,0,2,2.0,4.0,2.0,Don't Have One,yes,yes,yes,yes,no,no,no,sometimes,never,always,never,no,no,no,no,no,no,no,yes,,,,24:00:00,07:00:00,7.0,15:30:00,19:00:00,urgent,-62.0,34.0,34.0,-61.0,-100.0,-100.0,-100.0,-100.0,100.0,-100.0,-49.0,17.0,-100.0,-100.0
12,Year 12,Canterbury,male,15.0,Age 15,New Zealand,yes,no,no,no,no,no,no,no,,1.0,blue,right,180.0,27.0,17.0,7.0,walk,15.0,5.1,yes,1.0,71.0,0.478,38.0,3+,3+,3+,2.0,9.5,4.0,Nba Live 19,yes,no,yes,yes,no,no,no,often,often,always,rarely,no,no,no,no,no,no,no,no,aboutright,aboutright,toolittle,23:00:00,07:00:00,8.0,15:30:00,20:00:00,dontknow,-100.0,32.0,-93.0,31.0,48.0,44.0,39.0,79.0,18.0,-37.0,-54.0,98.0,98.0,50.0
12,Year 12,Canterbury,female,16.0,Age 16,New Zealand,yes,yes,no,no,no,no,no,no,,1.0,brown,right,172.0,26.0,15.0,6.0,bus,60.0,6.0,yes,2.0,43.0,0.47,10.0,0,2,3+,2.0,15.0,2.0,Don't Have One,yes,yes,yes,yes,no,no,no,often,sometimes,always,rarely,no,no,no,no,no,no,no,yes,aboutright,aboutright,toolittle,22:00:00,06:30:00,8.5,17:00:00,18:30:00,urgent,0.0,-44.0,-69.0,47.0,47.0,49.0,-56.0,100.0,100.0,37.0,30.0,100.0,100.0,100.0
13,Year 13,Canterbury,female,17.0,Age 17,England,yes,no,no,no,no,no,no,no,,1.0,blue,right,167.0,25.0,16.0,6.0,bike,10.0,6.4,yes,1.0,58.0,0.421,25.0,3+,0,3+,2.0,1.0,3.0,Don't Have One,yes,yes,yes,yes,no,no,no,often,sometimes,always,rarely,no,no,yes,no,no,no,no,no,toomuch,toomuch,aboutright,22:30:00,07:30:00,9.0,14:30:00,18:30:00,urgent,-40.0,-68.0,-46.0,59.0,-9.0,53.0,-20.0,66.0,66.0,67.0,23.0,100.0,100.0,100.0
11,Year 11,Canterbury,female,15.0,Age 15,New Zealand,yes,yes,no,no,no,no,no,no,,1.0,blue,right,169.0,26.0,18.0,6.0,motor,9.0,5.0,yes,1.0,32.0,0.457,28.0,0,0,3+,2.0,7.0,4.25,Don't Have One,yes,yes,yes,yes,no,no,no,often,often,always,rarely,no,no,no,yes,no,no,no,no,toomuch,toomuch,aboutright,22:00:00,06:30:00,8.5,16:00:00,19:00:00,urgent,-4.0,-3.0,-100.0,100.0,100.0,79.0,,100.0,100.0,100.0,44.0,100.0,100.0,100.0
12,Year 12,Wellington,female,16.0,Age 16,New Zealand,yes,no,no,no,no,no,no,no,"Taiwanese, Malaysian",2.0,brown,right,160.0,24.0,14.0,6.0,train,45.0,8.8,yes,2.0,46.0,0.824,17.0,3+,0,3+,1.0,2.5,5.0,Don't Have One,yes,yes,yes,yes,no,yes,no,always,sometimes,always,always,yes,yes,no,no,no,no,yes,no,toomuch,toomuch,aboutright,23:30:00,07:30:00,8.0,18:00:00,19:00:00,urgent,5.0,21.0,-60.0,-51.0,100.0,21.0,-100.0,-6.0,-100.0,-86.0,-44.0,100.0,15.0,19.0
11,Year 11,Northland,male,15.0,Age 15,Nigeria,no,no,no,no,no,no,no,no,Igbo People,,hazel,ambi,132.0,29.0,12.0,9.0,boat,96.0,12.6,nolunch,0.0,39.0,0.941,,3+,3+,3+,2.0,25.5,0.0,,no,no,no,no,no,no,yes,,,,,no,no,no,no,no,no,no,no,,toolittle,toolittle,24:30:00,04:30:00,4.0,15:30:00,23:00:00,notaproblem,-100.0,100.0,100.0,-100.0,100.0,100.0,-100.0,-100.0,-100.0,-100.0,-100.0,-100.0,-100.0,-100.0
11,Year 11,Auckland,female,15.0,Age 15,Philippines,no,no,no,no,no,no,no,no,Filipino,6.0,brown,right,,24.0,13.0,6.0,bus,10.0,4.0,yes,5.0,38.0,0.341,122.0,0,3+,3+,2.0,5.0,,PlayerUnknown's Battlegrounds,yes,yes,yes,yes,no,no,no,always,often,always,sometimes,no,yes,no,yes,no,no,yes,yes,toomuch,toomuch,toomuch,12:30:00,05:30:00,17.0,16:00:00,18:00:00,urgent,0.0,-20.0,-63.0,77.0,-17.0,18.0,100.0,100.0,100.0,100.0,100.0,100.0,100.0,100.0
12,Year 12,Canterbury,female,16.0,Age 16,New Zealand,yes,no,no,no,no,no,no,no,,1.0,green,left,177.0,24.0,17.0,7.0,motor,35.0,1.0,yes,4.0,47.0,0.517,43.0,0,0,3+,1.0,4.0,3.5,Call Of Duty,yes,yes,yes,yes,no,no,no,often,often,always,always,no,no,yes,no,no,no,no,no,toomuch,toomuch,toolittle,22:30:00,06:30:00,8.0,16:00:00,18:30:00,dontknow,63.0,100.0,53.0,-72.0,88.0,-22.0,-100.0,-100.0,-100.0,-48.0,-5.0,100.0,73.0,100.0
11,Year 11,Auckland,male,15.0,Age 15,New Zealand,no,yes,no,no,no,no,no,no,,1.0,blue,right,162.0,,17.0,8.0,walk,9.0,1.4,nolunch,0.0,46.0,0.466,5.0,1,1,1,1.0,5.5,7.0,Fortnite,yes,yes,yes,no,yes,yes,no,sometimes,sometimes,often,rarely,no,no,no,no,no,no,no,no,aboutright,toolittle,toomuch,23:30:00,07:00:00,7.5,15:30:00,18:30:00,notaproblem,18.0,-55.0,-61.0,100.0,100.0,-54.0,-100.0,100.0,-100.0,-42.0,100.0,100.0,-69.0,100.0
12,Year 12,Gisborne,male,16.0,Age 16,New Zealand,no,yes,no,no,no,no,no,no,,1.0,brown,left,135.0,21.0,10.0,3.0,motor,2.0,4.0,nolunch,0.0,52.0,1.24,34.0,0,1,3+,1.0,0.0,4.0,Don't Have One,no,yes,yes,no,yes,no,no,,,,,no,no,no,no,no,no,no,no,,toolittle,toomuch,22:30:00,06:30:00,8.0,15:00:00,16:30:00,urgent,-54.0,100.0,-100.0,-35.0,100.0,-100.0,37.0,98.0,-100.0,-100.0,-100.0,100.0,100.0,100.0
11,Year 11,Bay of Plenty,female,15.0,Age 15,New Zealand,yes,no,no,no,no,no,no,no,,1.0,brown,right,168.0,29.0,19.0,6.0,motor,35.0,4.0,yes,4.0,56.0,0.499,11.0,0,,,,0.5,2.5,Don't Have One,yes,yes,yes,yes,no,no,no,always,rarely,always,often,no,no,yes,no,no,no,no,no,aboutright,aboutright,toolittle,22:30:00,07:00:00,8.5,16:00:00,18:30:00,future,-62.0,39.0,10.0,-21.0,51.0,-28.0,-100.0,48.0,11.0,65.0,-100.0,32.0,-25.0,100.0
11,Year 11,Canterbury,female,15.0,Age 15,New Zealand,no,yes,no,no,no,no,no,no,,2.0,blue,right,169.0,22.0,15.0,5.0,bus,45.0,7.0,yes,0.0,36.0,0.478,3.0,1,1,0,0.0,4.0,8.0,Call Of Duty: Ghost,yes,yes,yes,yes,yes,yes,no,always,rarely,always,often,no,no,no,no,no,no,no,yes,toomuch,aboutright,aboutright,03:30:00,06:00:00,2.5,15:30:00,17:30:00,urgent,-74.0,-66.0,-71.0,-5.0,12.0,100.0,-100.0,100.0,100.0,-100.0,-100.0,100.0,100.0,-100.0
11,Year 11,Canterbury,female,15.0,Age 15,New Zealand,yes,no,no,no,no,no,no,no,,1.0,green,left,163.0,21.0,16.0,7.0,walk,25.0,2.3,yes,4.0,52.0,,54.0,3+,1,3+,1.0,4.5,2.5,Just Dance,yes,yes,yes,yes,no,no,no,rarely,sometimes,always,never,no,no,no,no,no,no,no,yes,aboutright,toomuch,toolittle,22:00:00,07:30:00,9.5,15:30:00,17:30:00,future,-19.0,-100.0,-100.0,31.0,100.0,17.0,-53.0,100.0,100.0,100.0,-69.0,100.0,100.0,100.0
11,Year 11,Manawatu-Wanganui,female,15.0,Age 15,New Zealand,yes,yes,no,no,no,no,no,no,,1.0,grey,right,162.0,22.0,16.0,5.0,walk,25.0,4.7,yes,1.0,38.0,0.48,,0,0,0,0.0,0.0,4.5,Don't Have One,yes,yes,yes,yes,no,no,no,often,rarely,often,sometimes,no,no,no,no,no,no,no,yes,toomuch,aboutright,toolittle,22:30:00,05:00:00,6.5,15:30:00,17:00:00,urgent,47.0,,100.0,51.0,,73.0,-32.0,100.0,100.0,-100.0,100.0,100.0,100.0,100.0
12,Year 12,Otago,female,16.0,Age 16,New Zealand,yes,no,no,no,no,no,no,no,,1.0,green,right,176.0,25.0,15.0,6.0,motor,5.0,2.3,yes,3.0,27.0,0.455,25.0,3+,1,3+,2.0,7.0,2.0,Candy Crush,yes,yes,yes,yes,no,no,no,always,rarely,always,often,no,no,no,no,no,no,no,yes,toomuch,toomuch,aboutright,22:30:00,07:30:00,9.0,15:30:00,20:00:00,urgent,,,,74.0,58.0,88.0,-60.0,52.0,,53.0,-100.0,100.0,100.0,100.0
12,Year 12,Canterbury,female,16.0,Age 16,,no,no,no,no,no,no,no,no,American,1.0,brown,right,168.0,24.0,15.0,5.0,motor,15.0,2.2,no,1.0,38.0,0.353,9.0,0,0,1,1.0,0.0,3.75,Grand Theft Auto,yes,yes,yes,yes,no,no,no,always,often,always,often,yes,yes,yes,no,yes,no,yes,yes,aboutright,toomuch,toolittle,22:00:00,07:30:00,9.5,16:00:00,16:30:00,urgent,100.0,28.0,50.0,-18.0,15.0,-25.0,,66.0,50.0,59.0,2.0,67.0,54.0,48.0
11,Year 11,Auckland,female,16.0,Age 16,United States of America,yes,no,no,no,no,no,no,no,,1.0,blue,right,177.0,27.0,15.0,7.0,walk,15.0,6.3,no,1.0,27.0,0.39,16.0,1,0,2,1.0,1.0,2.0,The Binding Of Isaac,yes,yes,yes,yes,yes,no,no,sometimes,sometimes,always,rarely,no,no,no,no,no,no,no,yes,toomuch,aboutright,,21:30:00,06:00:00,8.5,15:30:00,19:00:00,urgent,40.0,-27.0,-89.0,80.0,76.0,80.0,-38.0,38.0,72.0,15.0,-73.0,100.0,76.0,7.0
11,Year 11,Northland,female,14.0,Age 14,New Zealand,no,yes,yes,no,no,no,no,no,,3.0,brown,right,173.0,25.0,16.0,6.0,motor,30.0,0.1,nolunch,0.0,35.0,0.45,19.0,0,3+,0,1.0,1.5,4.0,Call Of Duty: Black Ops,yes,yes,yes,yes,no,no,no,always,often,always,often,yes,no,no,no,yes,no,no,no,toomuch,toomuch,toolittle,12:00:00,07:00:00,19.0,16:00:00,21:00:00,urgent,-49.0,49.0,73.0,-25.0,29.0,-18.0,100.0,100.0,100.0,100.0,-14.0,15.0,44.0,-16.0
11,Year 11,Wellington,female,15.0,Age 15,New Zealand,yes,no,no,no,no,no,no,no,,1.0,blue,right,159.0,24.0,16.0,6.0,motor,20.0,6.0,no,1.0,53.0,0.416,50.0,0,0,2,1.0,6.0,4.5,Don't Have One,yes,yes,yes,yes,no,no,no,rarely,sometimes,always,often,no,no,yes,no,no,no,no,no,toomuch,toomuch,toolittle,12:30:00,07:00:00,18.5,16:00:00,19:00:00,urgent,28.0,-57.0,-45.0,58.0,34.0,-53.0,-57.0,100.0,87.0,100.0,-58.0,100.0,100.0,100.0
13,Year 13,Canterbury,female,17.0,Age 17,New Zealand,yes,no,no,no,no,no,no,no,,1.0,blue,right,168.0,26.0,16.0,6.0,bus,45.0,6.0,yes,1.0,33.0,0.467,34.0,0,0,3+,2.0,2.0,7.0,The Sims 4,yes,yes,yes,yes,no,no,no,sometimes,often,always,sometimes,no,no,no,no,no,no,no,no,toomuch,aboutright,aboutright,12:00:00,06:30:00,18.5,16:00:00,18:00:00,urgent,47.0,-82.0,-43.0,31.0,-20.0,30.0,0.0,70.0,70.0,25.0,-44.0,100.0,100.0,50.0
11,Year 11,Taranaki,female,15.0,Age 15,New Zealand,yes,yes,no,no,no,no,no,no,,1.0,green,right,173.0,24.0,16.0,7.0,bus,35.0,4.3,no,3.0,47.0,0.436,24.0,3+,0,3+,2.0,0.0,1.5,Don't Have One,yes,no,yes,yes,no,no,no,rarely,sometimes,rarely,never,no,no,no,no,no,no,no,yes,toolittle,aboutright,toolittle,21:30:00,07:00:00,9.5,16:00:00,18:00:00,urgent,100.0,46.0,-70.0,100.0,-77.0,0.0,-82.0,99.0,42.0,54.0,42.0,100.0,100.0,100.0
11,Year 11,Wellington,female,15.0,Age 15,New Zealand,yes,no,yes,no,no,no,no,no,,1.0,brown,right,161.0,24.0,18.0,6.0,motor,20.0,4.0,nolunch,0.0,26.0,0.462,22.0,0,3+,2,1.0,2.5,3.0,Don't Have One,yes,yes,yes,yes,no,no,no,always,rarely,always,rarely,no,no,no,no,no,no,no,yes,toomuch,toomuch,toolittle,23:30:00,07:00:00,7.5,16:30:00,20:30:00,urgent,100.0,-51.0,-25.0,53.0,-14.0,22.0,36.0,17.0,-19.0,44.0,82.0,100.0,71.0,100.0
12,Year 12,Northland,female,16.0,Age 16,New Zealand,yes,no,no,no,no,no,no,no,,3.0,grey,ambi,166.0,23.0,16.0,4.0,motor,30.0,5.7,nolunch,0.0,32.0,0.429,36.0,2,2,3+,2.0,10.0,1.5,Minecraft,yes,yes,yes,yes,no,no,no,rarely,sometimes,sometimes,never,no,no,no,yes,no,yes,no,yes,aboutright,toolittle,toolittle,20:30:00,06:30:00,10.0,16:00:00,19:30:00,urgent,9.0,64.0,-27.0,-39.0,64.0,46.0,-60.0,74.0,52.0,73.0,-79.0,100.0,76.0,100.0
12,Year 12,Southland,male,16.0,Age 16,New Zealand,yes,no,no,no,no,no,no,no,,1.0,hazel,ambi,183.0,30.0,19.0,9.0,bus,60.0,4.0,yes,1.0,54.0,1.074,180.0,1,1,1,2.0,1.0,3.0,Don't Have One,yes,yes,yes,yes,no,no,no,rarely,sometimes,always,sometimes,no,no,no,no,no,no,no,no,toomuch,toomuch,toolittle,23:30:00,06:30:00,7.0,16:30:00,18:30:00,urgent,-100.0,,-1.0,31.0,47.0,52.0,-100.0,-69.0,-68.0,-55.0,-100.0,-71.0,-100.0,-50.0
11,Year 11,Auckland,female,15.0,Age 15,New Zealand,yes,no,no,no,no,no,no,no,,1.0,brown,right,167.0,23.0,15.0,6.0,walk,17.0,3.8,yes,0.0,44.0,0.34,79.0,0,0,0,0.0,17.5,5.0,The Sims 4,yes,yes,yes,yes,no,no,no,often,sometimes,always,sometimes,no,no,no,no,yes,no,no,yes,toomuch,toomuch,aboutright,23:00:00,08:30:00,9.5,15:30:00,18:30:00,urgent,64.0,20.0,18.0,-36.0,-65.0,-87.0,-89.0,-36.0,-32.0,-54.0,-42.0,100.0,100.0,79.0
13,Year 13,Canterbury,male,17.0,Age 17,New Zealand,yes,no,no,no,no,no,no,no,,1.0,hazel,right,179.0,26.0,16.0,6.0,motor,5.0,6.6,nolunch,0.0,43.0,0.416,57.0,,1,1,2.0,3.0,2.0,Skyrim,yes,yes,yes,yes,no,no,no,often,rarely,sometimes,never,no,yes,no,no,no,no,no,yes,toomuch,aboutright,toolittle,23:30:00,07:30:00,8.0,15:30:00,18:30:00,future,45.0,-71.0,-90.0,67.0,70.0,22.0,-31.0,100.0,100.0,100.0,58.0,100.0,100.0,100.0
12,Year 12,Northland,male,16.0,Age 16,New Zealand,yes,yes,yes,yes,yes,no,yes,no,,1.0,brown,right,184.0,26.0,17.0,8.0,motor,20.0,6.0,nolunch,0.0,44.0,0.42,276.0,1,0,2,1.0,2.25,5.5,Metal Gear Solid 3,yes,yes,yes,yes,yes,yes,no,often,sometimes,always,sometimes,no,no,no,no,no,no,no,yes,toomuch,aboutright,aboutright,01:00:00,07:00:00,6.0,16:00:00,21:00:00,urgent,56.0,-18.0,-32.0,100.0,,99.0,-62.0,100.0,-24.0,-23.0,50.0,100.0,30.0,78.0
12,Year 12,Canterbury,male,17.0,Age 17,New Zealand,yes,no,no,no,no,no,no,no,,2.0,hazel,right,180.0,27.0,18.0,8.0,bus,40.0,4.0,yes,2.0,48.0,0.394,2.0,2,3+,1,1.0,6.0,4.0,Nba 2K,yes,yes,yes,no,no,no,no,often,sometimes,always,rarely,no,no,yes,no,no,no,no,no,aboutright,toolittle,aboutright,21:30:00,06:00:00,8.5,15:30:00,18:00:00,notaproblem,0.0,16.0,-25.0,-4.0,18.0,,0.0,100.0,100.0,100.0,,100.0,100.0,100.0
11,Year 11,Otago,male,15.0,Age 15,New Zealand,yes,no,no,no,no,no,no,no,,1.0,blue,right,181.0,27.0,18.0,8.0,bus,10.0,6.0,no,1.0,66.0,0.427,100.0,0,3+,3+,2.0,0.75,4.0,Tom Clancy's Rainbow Six Siege,yes,yes,yes,yes,yes,yes,no,rarely,sometimes,always,never,no,no,yes,no,no,no,no,no,aboutright,aboutright,aboutright,22:00:00,07:30:00,9.5,15:30:00,19:00:00,urgent,-100.0,-76.0,-100.0,-62.0,65.0,73.0,-1.0,100.0,72.0,100.0,,100.0,100.0,100.0
13,Year 13,Waikato,male,13.0,Age 13,Samoa,no,yes,yes,no,no,no,no,no,,2.0,brown,right,169.0,11.0,,3.0,bus,35.0,,yes,3.0,53.0,0.918,15.0,,3+,,,7.5,4.75,Fortnite,yes,yes,yes,yes,no,yes,no,sometimes,sometimes,often,never,no,no,no,no,no,no,no,no,toomuch,aboutright,toomuch,21:00:00,07:00:00,10.0,16:30:00,18:30:00,dontknow,-12.0,18.0,1.0,-100.0,100.0,-10.0,99.0,99.0,99.0,99.0,97.0,97.0,99.0,99.0
12,Year 12,Wellington,male,16.0,Age 16,Austria,no,no,no,no,no,no,no,no,Australian,2.0,blue,right,192.0,30.0,16.0,7.0,bus,40.0,7.3,yes,2.0,39.0,0.396,,0,1,2,1.0,4.0,3.5,Tom Clancy's Rainbow Six Siege,yes,no,no,no,yes,no,no,sometimes,sometimes,always,rarely,no,no,no,no,no,no,no,yes,aboutright,toolittle,aboutright,22:00:00,06:30:00,8.5,16:30:00,18:00:00,urgent,-47.0,-62.0,-57.0,25.0,-23.0,50.0,-33.0,100.0,66.0,36.0,-29.0,84.0,68.0,100.0
12,Year 12,Otago,female,16.0,Age 16,New Zealand,yes,no,no,no,no,no,no,no,,1.0,blue,right,176.0,23.0,16.0,8.0,walk,10.0,2.2,no,3.0,40.0,0.549,46.0,2,0,3+,2.0,4.5,2.0,Don't Have One,yes,yes,yes,yes,no,no,no,rarely,sometimes,always,often,no,no,no,no,no,no,no,yes,toomuch,aboutright,toolittle,21:30:00,06:30:00,9.0,17:00:00,19:00:00,future,31.0,,,-78.0,-40.0,51.0,-21.0,-40.0,-36.0,53.0,-15.0,19.0,-6.0,100.0
11,Year 11,Canterbury,male,15.0,Age 15,New Zealand,yes,no,no,no,no,no,no,no,,1.0,green,left,177.0,29.0,18.0,8.0,walk,20.0,,yes,1.0,37.0,0.491,60.0,0,0,2,2.0,0.0,,,yes,no,no,yes,no,no,no,sometimes,sometimes,always,rarely,no,no,no,no,no,no,no,yes,toomuch,toolittle,aboutright,23:00:00,07:00:00,8.0,15:30:00,20:30:00,urgent,-78.0,23.0,-52.0,1.0,-93.0,-54.0,96.0,100.0,100.0,100.0,-1.0,100.0,93.0,100.0
11,Year 11,Auckland,female,15.0,Age 15,New Zealand,yes,no,no,no,no,no,no,no,,1.0,blue,right,175.0,24.0,,6.0,motor,12.0,6.0,yes,2.0,47.0,0.693,34.0,1,3+,3+,1.0,3.0,1.5,Don't Have One,yes,no,yes,yes,no,no,no,often,sometimes,always,rarely,no,no,no,no,no,no,no,yes,aboutright,toomuch,toolittle,23:30:00,07:30:00,8.0,15:30:00,18:30:00,urgent,-64.0,-29.0,-96.0,63.0,-2.0,-3.0,100.0,100.0,100.0,100.0,100.0,100.0,100.0,100.0
13,Year 13,Wellington,female,17.0,Age 17,New Zealand,yes,no,no,no,no,no,no,no,,2.0,grey,right,164.0,25.0,16.0,6.0,motor,15.0,2.0,yes,2.0,38.0,2.08,28.0,0,1,3+,0.0,8.0,,Spyro,yes,yes,no,no,no,no,no,always,often,always,rarely,no,no,no,no,no,no,no,yes,toomuch,toomuch,aboutright,21:30:00,06:30:00,9.0,16:30:00,19:00:00,urgent,26.0,30.0,-95.0,80.0,27.0,35.0,-38.0,33.0,36.0,51.0,-24.0,100.0,90.0,100.0
11,Year 11,Wellington,female,16.0,Age 16,New Zealand,no,no,no,no,no,no,yes,no,Indonesian,2.0,brown,right,156.0,23.0,15.0,6.0,walk,7.0,0.0,yes,0.0,41.0,0.42,,3+,0,1,0.0,11.5,5.0,Don't Have One,yes,yes,yes,yes,no,no,no,always,often,always,often,no,yes,yes,no,no,yes,yes,no,toomuch,toomuch,toolittle,23:00:00,06:30:00,7.5,15:30:00,19:30:00,urgent,-50.0,68.0,70.0,100.0,-49.0,48.0,100.0,100.0,100.0,100.0,100.0,100.0,100.0,100.0
11,Year 11,Canterbury,female,15.0,Age 15,New Zealand,yes,yes,no,no,no,no,no,no,,1.0,brown,right,162.0,,,3.0,motor,18.0,0.9,yes,0.0,27.0,0.401,14.0,0,3+,2,1.0,4.75,5.75,,yes,yes,yes,yes,no,no,no,always,sometimes,always,sometimes,no,no,no,no,no,no,no,yes,toomuch,toomuch,aboutright,22:30:00,07:30:00,9.0,20:00:00,21:00:00,urgent,50.0,100.0,-49.0,-77.0,-12.0,21.0,-20.0,100.0,68.0,100.0,-25.0,100.0,100.0,100.0
11,Year 11,Manawatu-Wanganui,female,15.0,Age 15,New Zealand,no,yes,no,no,no,no,no,no,,1.0,brown,right,,,17.0,,motor,20.0,0.8,no,0.0,42.0,0.478,5.0,3+,3+,3+,2.0,13.5,6.5,,yes,yes,yes,yes,no,no,no,sometimes,always,never,never,no,no,yes,no,no,no,no,no,toolittle,aboutright,toolittle,22:30:00,06:30:00,8.0,20:30:00,19:00:00,urgent,21.0,19.0,30.0,-61.0,47.0,24.0,34.0,100.0,100.0,100.0,-50.0,-70.0,100.0,-49.0
12,Year 12,Wellington,female,17.0,Age 17,Vietnam,no,no,no,no,no,no,no,no,Vietnamese,2.0,brown,right,159.0,22.0,15.0,6.0,train,25.0,3.8,yes,1.0,36.0,0.444,3.0,3+,0,3+,2.0,2.25,4.75,Don't Have One,yes,yes,yes,yes,no,no,no,often,rarely,always,often,yes,no,no,no,yes,no,no,no,toomuch,toomuch,toolittle,23:00:00,06:00:00,7.0,16:00:00,18:00:00,future,14.0,-100.0,-21.0,100.0,-71.0,93.0,-26.0,-29.0,-25.0,-23.0,36.0,35.0,59.0,66.0
11,Year 11,Auckland,male,15.0,Age 15,New Zealand,no,no,yes,no,no,no,no,no,,1.0,brown,right,200.0,32.0,18.0,5.0,motor,13.0,10.9,no,0.0,38.0,0.39,50.0,0,1,2,1.0,3.75,2.0,Grand Theft Auto 5,yes,yes,yes,yes,no,no,no,sometimes,often,always,always,yes,no,yes,no,yes,no,yes,no,aboutright,toomuch,aboutright,21:30:00,06:00:00,8.5,17:00:00,18:00:00,urgent,-100.0,-24.0,16.0,-29.0,9.0,-23.0,-79.0,-26.0,-13.0,-97.0,99.0,99.0,97.0,-97.0
12,Year 12,Wellington,female,16.0,Age 16,New Zealand,yes,no,no,no,no,no,no,no,,1.0,blue,right,168.0,26.0,16.0,6.0,bus,35.0,7.2,yes,1.0,44.0,0.798,82.0,0,0,0,0.0,3.5,5.5,Minecraft,yes,yes,yes,yes,no,no,no,always,sometimes,always,rarely,no,no,no,no,no,no,no,yes,toomuch,aboutright,aboutright,23:00:00,06:30:00,7.5,16:00:00,20:00:00,urgent,,-45.0,-88.0,-5.0,-64.0,-7.0,-4.0,100.0,34.0,43.0,-5.0,100.0,89.0,100.0
12,Year 12,Bay of Plenty,male,16.0,Age 16,New Zealand,no,no,no,no,no,no,no,no,,1.0,blue,right,169.0,27.0,18.0,5.0,bike,30.0,7.0,yes,2.0,95.0,1.318,5.0,2,2,3+,2.0,6.25,3.25,Don't Have One,yes,yes,yes,yes,no,no,no,rarely,always,always,rarely,no,no,no,no,no,no,no,no,aboutright,toolittle,toolittle,21:30:00,07:00:00,9.5,16:00:00,19:00:00,urgent,-100.0,100.0,-52.0,-53.0,89.0,-6.0,-10.0,44.0,8.0,44.0,29.0,-36.0,19.0,-41.0
12,Year 12,Auckland,female,16.0,Age 16,South Africa,no,no,no,no,no,no,no,no,South African,1.0,brown,right,163.0,24.0,16.0,5.0,motor,10.0,,yes,3.0,34.0,0.472,54.0,3+,3+,3+,2.0,2.75,2.0,Juat Dance,yes,yes,yes,yes,no,no,no,sometimes,rarely,always,sometimes,no,no,no,no,no,no,no,yes,toomuch,toomuch,toolittle,23:00:00,06:30:00,7.5,16:30:00,19:30:00,dontknow,36.0,-46.0,-11.0,-14.0,-91.0,-70.0,22.0,65.0,18.0,42.0,77.0,100.0,100.0,100.0
13,Year 13,Taranaki,female,18.0,Age 18,England,yes,no,no,no,no,no,no,no,English,1.0,blue,right,171.0,25.0,16.0,6.0,motor,7.0,6.0,no,2.0,72.0,0.434,49.0,,,1,1.0,1.0,3.5,Harry Potter,yes,yes,yes,yes,no,no,no,rarely,sometimes,always,sometimes,no,no,yes,no,no,yes,no,no,aboutright,aboutright,aboutright,23:30:00,07:30:00,8.0,14:30:00,17:30:00,urgent,-6.0,-94.0,-93.0,84.0,51.0,41.0,0.0,92.0,79.0,91.0,-11.0,90.0,76.0,85.0
13,Year 13,Canterbury,female,17.0,Age 17,New Zealand,yes,no,no,no,no,no,no,no,,2.0,blue,left,166.0,24.0,15.0,7.0,bike,15.0,6.3,no,2.0,30.0,0.638,22.0,3+,0,3+,2.0,6.5,2.0,Don't Have One,yes,yes,yes,yes,no,no,no,often,sometimes,always,rarely,no,no,yes,no,no,no,no,no,toomuch,toomuch,aboutright,22:00:00,06:30:00,8.5,18:30:00,20:00:00,urgent,-23.0,,-89.0,62.0,-18.0,46.0,-42.0,100.0,99.0,100.0,-47.0,97.0,98.0,97.0
11,Year 11,Auckland,female,15.0,Age 15,New Zealand,no,no,no,no,no,no,no,no,Tuvaluan,2.0,brown,right,169.0,26.0,17.0,6.0,motor,20.0,3.0,yes,0.0,36.0,0.383,57.0,2,2,1,0.0,2.5,7.5,Don't Have One,yes,yes,yes,yes,no,no,no,always,often,always,sometimes,no,yes,no,no,yes,no,yes,no,toomuch,toomuch,toolittle,21:30:00,05:30:00,8.0,17:30:00,21:00:00,urgent,100.0,15.0,-16.0,100.0,94.0,41.0,93.0,100.0,100.0,100.0,100.0,100.0,100.0,100.0
11,Year 11,Hawkes Bay,female,15.0,Age 15,New Zealand,yes,no,no,no,no,no,no,no,,1.0,green,right,170.0,26.0,16.0,7.0,motor,57.0,5.0,no,2.0,43.0,0.532,50.0,0,2,3+,2.0,18.0,1.5,Don't Have One,yes,no,yes,yes,no,no,no,often,sometimes,always,never,no,no,no,no,no,no,no,yes,aboutright,aboutright,toolittle,21:30:00,06:30:00,9.0,15:30:00,18:00:00,urgent,16.0,99.0,-48.0,56.0,98.0,53.0,-100.0,74.0,73.0,52.0,-72.0,98.0,95.0,95.0
11,Year 11,Otago,male,15.0,Age 15,New Zealand,yes,yes,no,no,no,no,no,no,,2.0,brown,ambi,182.0,27.0,,2.0,boat,36.0,4.7,yes,2.0,45.0,0.419,98.0,,,3+,2.0,1.5,7.75,Fortnite,yes,yes,yes,yes,yes,yes,no,always,always,always,often,yes,yes,yes,no,yes,no,no,no,aboutright,aboutright,toolittle,22:30:00,06:00:00,7.5,20:30:00,20:30:00,dontknow,-24.0,98.0,62.0,-72.0,15.0,-84.0,-89.0,99.0,-53.0,99.0,-98.0,97.0,-72.0,98.0
11,Year 11,Auckland,male,11.0,Age 11,Samoa,no,no,yes,no,no,no,no,no,,2.0,brown,right,177.0,28.0,21.0,6.0,walk,20.0,3.3,nolunch,0.0,68.0,0.428,60.0,3+,3+,2,1.0,1.0,3.0,Grand Theft Auto 5,no,no,no,no,no,no,yes,,,,,no,no,no,no,no,no,no,no,,,,21:00:00,07:30:00,10.5,15:30:00,19:00:00,urgent,-99.0,43.0,-45.0,-44.0,19.0,-98.0,97.0,98.0,96.0,96.0,99.0,98.0,95.0,97.0
12,Year 12,Otago,male,16.0,Age 16,New Zealand,yes,no,no,no,no,no,no,no,German,1.0,grey,right,174.0,26.0,17.0,7.0,bike,,0.0,yes,1.0,45.0,0.393,105.0,,3+,,,5.0,7.0,Team Fortress 2,yes,yes,yes,yes,no,yes,no,sometimes,often,always,never,no,no,no,no,no,no,no,yes,aboutright,aboutright,aboutright,12:30:00,07:30:00,19.0,15:30:00,20:00:00,future,-96.0,-62.0,-78.0,29.0,70.0,92.0,,100.0,60.0,100.0,-100.0,100.0,-1.0,100.0
12,Year 12,Canterbury,female,16.0,Age 16,New Zealand,yes,no,no,no,no,no,no,no,,1.0,brown,left,167.0,25.0,15.0,6.0,walk,30.0,5.0,yes,2.0,35.0,0.425,11.0,3+,1,2,2.0,7.0,4.0,Minecraft,no,yes,yes,yes,no,no,no,,,,,no,no,no,yes,no,yes,no,no,,aboutright,aboutright,04:30:00,05:30:00,1.0,19:00:00,19:30:00,urgent,40.0,100.0,-100.0,35.0,77.0,75.0,-100.0,51.0,50.0,50.0,-100.0,62.0,24.0,44.0
11,Year 11,Gisborne,female,15.0,Age 15,New Zealand,yes,no,no,no,no,no,no,no,,1.0,green,right,153.0,11.0,,2.0,bus,45.0,13.0,yes,0.0,41.0,0.772,32.0,1,0,2,2.0,0.0,6.5,Grand Theft Auto,yes,yes,yes,yes,no,no,no,often,often,sometimes,never,no,no,no,no,no,no,no,yes,aboutright,toolittle,toolittle,22:30:00,06:00:00,7.5,16:30:00,18:00:00,dontknow,31.0,44.0,-53.0,-19.0,-84.0,-31.0,-39.0,28.0,-10.0,-18.0,-13.0,25.0,19.0,64.0
13,Year 13,Canterbury,female,17.0,Age 17,New Zealand,yes,no,no,no,no,no,no,no,,1.0,blue,right,155.0,24.0,15.0,7.0,motor,10.0,4.5,yes,3.0,30.0,0.433,10.0,1,0,2,1.0,23.25,4.0,Don't Have One,yes,yes,yes,yes,no,yes,no,often,sometimes,always,sometimes,no,yes,no,no,no,yes,no,no,toomuch,toomuch,aboutright,22:30:00,07:30:00,9.0,18:30:00,19:30:00,urgent,45.0,0.0,-46.0,55.0,-41.0,29.0,-9.0,42.0,-24.0,37.0,100.0,100.0,100.0,100.0
12,Year 12,Auckland,female,16.0,Age 16,New Zealand,no,no,no,no,yes,no,no,no,,1.0,brown,right,179.0,12.0,18.0,7.0,motor,15.0,2.4,yes,2.0,39.0,0.454,48.0,0,0,3+,0.0,6.0,1.0,Call Of Duty,yes,no,yes,yes,no,no,no,often,often,often,often,no,no,no,yes,no,no,no,yes,toomuch,toomuch,aboutright,21:30:00,07:30:00,10.0,18:30:00,19:30:00,future,46.0,-41.0,1.0,-14.0,12.0,2.0,-9.0,9.0,-21.0,48.0,-18.0,88.0,6.0,88.0
11,Year 11,Wellington,male,15.0,Age 15,New Zealand,yes,no,no,no,no,no,no,no,,1.0,brown,right,183.0,25.0,,,boat,6.0,1.0,yes,0.0,43.0,0.429,207.0,0,1,3+,1.0,0.25,,,yes,yes,yes,yes,yes,no,no,sometimes,rarely,always,rarely,no,no,no,no,no,no,no,yes,toolittle,aboutright,toomuch,11:00:00,08:30:00,21.5,15:30:00,19:00:00,notaproblem,-64.0,-74.0,-34.0,-2.0,70.0,11.0,19.0,100.0,18.0,18.0,7.0,100.0,75.0,73.0
11,Year 11,Taranaki,female,15.0,Age 15,England,no,no,no,no,no,no,no,no,European,1.0,blue,right,172.0,24.0,17.0,6.0,motor,15.0,7.3,yes,1.0,37.0,0.531,4.0,0,0,0,0.0,0.0,6.5,The Sims 4,yes,no,yes,yes,no,no,no,sometimes,rarely,always,rarely,no,yes,no,no,no,no,no,yes,toomuch,toomuch,toomuch,22:00:00,06:00:00,8.0,16:00:00,18:00:00,urgent,42.0,100.0,-77.0,81.0,-11.0,68.0,45.0,100.0,33.0,100.0,69.0,100.0,100.0,100.0
13,Year 13,Otago,male,17.0,Age 17,New Zealand,yes,no,no,no,no,no,yes,no,,1.0,blue,right,180.0,27.0,15.0,6.0,motor,12.0,15.0,no,1.0,51.0,0.344,190.0,0,0,3+,1.0,9.0,,Don't Have One,yes,yes,yes,no,no,no,no,often,often,always,rarely,no,yes,no,no,no,no,no,yes,toomuch,toomuch,toolittle,23:30:00,07:00:00,7.5,17:30:00,19:00:00,future,3.0,-8.0,,-9.0,-47.0,-9.0,-11.0,74.0,25.0,89.0,-16.0,99.0,35.0,100.0
13,Year 13,Canterbury,male,17.0,Age 17,New Zealand,no,no,no,no,no,no,no,no,European,1.0,grey,left,167.0,24.0,18.0,7.0,walk,7.0,3.5,yes,0.0,47.0,0.465,150.0,0,0,2,2.0,0.0,3.0,Tetris,yes,yes,yes,yes,no,yes,no,sometimes,rarely,always,never,no,no,no,no,no,no,no,yes,aboutright,aboutright,aboutright,12:00:00,08:00:00,20.0,18:00:00,20:00:00,urgent,100.0,-52.0,-49.0,19.0,-10.0,40.0,45.0,69.0,97.0,33.0,35.0,100.0,73.0,52.0
11,Year 11,Manawatu-Wanganui,male,14.0,Age 14,New Zealand,yes,yes,no,yes,no,no,no,no,,1.0,blue,right,177.0,26.0,12.0,4.0,walk,40.0,5.7,nolunch,0.0,45.0,1.21,71.0,1,0,,2.0,0.0,0.5,,yes,yes,yes,yes,no,no,no,always,often,always,sometimes,no,no,no,no,no,no,no,no,aboutright,aboutright,toomuch,01:00:00,07:00:00,6.0,16:00:00,18:00:00,future,43.0,-41.0,-28.0,-100.0,100.0,-100.0,27.0,-53.0,-33.0,-100.0,27.0,-100.0,-100.0,-100.0
11,Year 11,Taranaki,female,15.0,Age 15,New Zealand,yes,no,no,no,no,no,no,no,,1.0,blue,right,171.0,24.0,,8.0,walk,1.0,6.0,no,3.0,30.0,,10.0,0,2,3+,2.0,3.5,1.0,Don't Have One,yes,yes,yes,yes,no,no,no,rarely,sometimes,always,rarely,no,no,no,no,no,no,no,yes,aboutright,aboutright,aboutright,22:00:00,06:30:00,8.5,15:30:00,17:30:00,urgent,-58.0,58.0,-96.0,30.0,41.0,54.0,-73.0,-97.0,-98.0,-97.0,-94.0,-95.0,-99.0,-97.0
11,Year 11,Auckland,female,15.0,Age 15,New Zealand,yes,no,no,no,no,no,no,no,Sri Lankan,1.0,hazel,right,167.0,24.0,14.0,6.0,walk,15.0,,no,2.0,40.0,0.478,180.0,3+,,2,,2.0,2.25,Don't Have One,yes,no,yes,no,no,no,no,sometimes,always,always,never,no,no,no,no,no,no,no,yes,aboutright,toomuch,aboutright,21:30:00,07:00:00,9.5,15:30:00,18:30:00,urgent,-65.0,24.0,-80.0,46.0,-100.0,41.0,-19.0,69.0,67.0,63.0,-22.0,100.0,100.0,100.0
13,Year 13,Canterbury,female,17.0,Age 17,England,no,no,no,no,no,no,no,no,European,1.0,green,right,164.0,24.0,15.0,7.0,motor,6.0,3.0,yes,1.0,52.0,0.768,9.0,0,0,0,0.0,12.0,4.5,Don't Have One,yes,yes,yes,yes,no,no,no,always,often,always,sometimes,yes,yes,yes,no,yes,no,yes,no,toomuch,toomuch,toolittle,23:30:00,08:00:00,8.5,15:30:00,19:00:00,dontknow,-39.0,-100.0,-100.0,27.0,-6.0,51.0,-88.0,100.0,100.0,100.0,-81.0,100.0,100.0,100.0
13,Year 13,Canterbury,male,17.0,Age 17,New Zealand,yes,no,no,no,no,no,no,no,,1.0,brown,right,185.0,28.0,20.0,7.0,walk,9.0,5.9,no,0.0,31.0,0.39,66.0,1,3+,3+,2.0,14.0,6.0,Steep,yes,yes,yes,yes,no,no,no,sometimes,rarely,always,rarely,no,no,no,no,no,no,no,no,aboutright,aboutright,toomuch,12:00:00,07:30:00,19.5,15:30:00,19:30:00,notaproblem,79.0,29.0,-48.0,-48.0,-57.0,-54.0,-72.0,68.0,0.0,0.0,-78.0,67.0,0.0,31.0
13,Year 13,Taranaki,female,17.0,Age 17,New Zealand,yes,no,no,no,no,no,no,no,,3.0,blue,right,178.0,27.0,18.0,7.0,motor,30.0,5.6,no,5.0,42.0,,12.0,0,0,3+,1.0,3.75,5.0,Don't Have One,yes,yes,yes,yes,no,no,no,always,often,always,sometimes,no,no,no,no,no,no,no,yes,toomuch,aboutright,toolittle,23:30:00,06:30:00,7.0,16:00:00,19:30:00,urgent,99.0,-64.0,-86.0,-100.0,-24.0,8.0,51.0,100.0,100.0,100.0,29.0,100.0,100.0,100.0
12,Year 12,Canterbury,female,16.0,Age 16,Japan,yes,no,no,no,no,no,no,no,,1.0,blue,right,167.0,22.0,17.0,5.0,bus,15.0,4.0,yes,1.0,59.0,0.463,21.0,0,0,2,2.0,2.0,,Don't Have One,yes,yes,yes,yes,no,no,no,always,sometimes,always,sometimes,no,no,yes,no,no,no,no,no,toomuch,aboutright,toolittle,22:30:00,07:00:00,8.5,16:00:00,18:00:00,urgent,29.0,-13.0,-65.0,50.0,0.0,39.0,-63.0,73.0,74.0,100.0,-69.0,100.0,100.0,100.0
13,Year 13,Canterbury,female,19.0,Age 19,Philippines,no,no,no,no,no,no,no,no,,2.0,brown,right,161.0,23.0,16.0,6.0,bus,15.0,4.0,nolunch,0.0,37.0,0.436,13.0,3+,0,3+,2.0,3.5,5.5,Call Of Duty,yes,no,no,no,no,no,no,always,sometimes,always,sometimes,no,no,no,no,no,no,no,yes,aboutright,aboutright,aboutright,02:00:00,08:00:00,6.0,16:00:00,17:00:00,urgent,17.0,33.0,-34.0,68.0,35.0,41.0,-1.0,100.0,100.0,100.0,100.0,100.0,100.0,100.0
12,Year 12,Canterbury,male,16.0,Age 16,New Zealand,yes,no,no,no,no,no,no,no,,1.0,blue,right,174.0,26.0,,7.0,bus,50.0,5.0,yes,1.0,47.0,0.663,135.0,3+,3+,3+,2.0,2.75,1.5,Don't Have One,yes,yes,yes,no,no,no,no,never,rarely,always,rarely,no,no,no,yes,no,yes,no,yes,toolittle,toolittle,aboutright,22:30:00,06:30:00,8.0,16:30:00,19:30:00,dontknow,59.0,13.0,-22.0,93.0,-8.0,80.0,-46.0,80.0,87.0,86.0,-39.0,81.0,88.0,87.0
11,Year 11,Canterbury,female,16.0,Age 16,New Zealand,yes,no,no,no,no,no,no,no,,1.0,green,right,162.0,24.0,17.0,8.0,walk,30.0,4.0,yes,1.0,42.0,0.403,10.0,1,1,2,2.0,0.0,5.5,Nba,yes,yes,yes,yes,no,no,no,always,often,always,often,no,yes,yes,no,yes,no,no,no,toomuch,toomuch,,23:00:00,06:30:00,7.5,18:00:00,17:30:00,urgent,42.0,-44.0,-81.0,46.0,28.0,-13.0,-100.0,-7.0,31.0,51.0,-100.0,35.0,35.0,69.0
11,Year 11,Southland,female,15.0,Age 15,New Zealand,yes,no,no,no,no,no,no,no,,1.0,blue,left,167.0,23.0,18.0,7.0,bus,20.0,4.4,yes,2.0,39.0,0.445,33.0,0,3+,2,2.0,3.0,3.5,Don't Have One,yes,no,yes,yes,yes,no,no,often,always,always,rarely,no,yes,no,no,yes,no,no,yes,toomuch,toomuch,aboutright,23:30:00,07:00:00,7.5,15:30:00,18:30:00,urgent,100.0,68.0,33.0,88.0,-73.0,-100.0,-62.0,100.0,100.0,100.0,-68.0,100.0,100.0,100.0
11,Year 11,Bay of Plenty,female,15.0,Age 15,New Zealand,yes,no,no,no,no,no,no,no,,1.0,hazel,left,188.0,27.0,17.0,7.0,bus,17.0,2.3,yes,3.0,46.0,0.441,328.0,3+,1,3+,2.0,13.5,1.0,Don't Have One,yes,yes,yes,yes,no,no,no,rarely,sometimes,always,never,no,no,no,no,no,no,no,yes,aboutright,toolittle,toolittle,22:00:00,06:30:00,8.5,16:00:00,18:30:00,future,,9.0,-100.0,100.0,61.0,62.0,56.0,100.0,100.0,100.0,52.0,100.0,100.0,100.0
11,Year 11,Northland,male,15.0,Age 15,New Zealand,yes,yes,no,no,yes,no,no,no,,3.0,brown,right,175.0,27.0,11.0,6.0,walk,10.0,0.6,no,3.0,46.0,0.443,120.0,3+,3+,3+,1.0,3.75,2.0,Don't Have One,no,yes,yes,no,no,yes,no,,,,,no,no,no,no,no,no,no,no,,toolittle,toolittle,22:30:00,06:30:00,8.0,15:30:00,19:30:00,future,-64.0,8.0,-76.0,-17.0,45.0,40.0,-31.0,57.0,-14.0,44.0,100.0,100.0,100.0,100.0
12,Year 12,Wellington,female,16.0,Age 16,New Zealand,no,no,no,no,no,no,no,yes,,2.0,blue,right,158.0,24.0,15.0,6.0,motor,20.0,,yes,4.0,53.0,0.537,300.0,1,0,3+,0.0,2.0,2.0,Don't Have One,yes,yes,yes,yes,no,no,no,sometimes,sometimes,always,never,no,no,no,no,no,no,no,yes,aboutright,toomuch,toolittle,23:30:00,06:30:00,7.0,16:00:00,19:00:00,urgent,73.0,57.0,-87.0,-25.0,50.0,87.0,-22.0,18.0,12.0,13.0,-10.0,62.0,64.0,66.0
11,Year 11,Auckland,female,15.0,Age 15,England,yes,no,no,no,no,no,no,no,,2.0,blue,right,152.0,22.0,14.0,5.0,train,60.0,4.4,yes,1.0,34.0,0.508,7.0,2,0,3+,2.0,8.75,0.25,Don't Have One,yes,yes,yes,yes,no,yes,no,often,often,always,rarely,no,no,yes,no,no,no,no,yes,toomuch,toomuch,toolittle,22:30:00,07:30:00,9.0,16:30:00,18:30:00,urgent,100.0,9.0,-39.0,-39.0,61.0,-78.0,62.0,100.0,100.0,71.0,92.0,100.0,100.0,100.0
12,Year 12,Auckland,male,17.0,Age 17,New Zealand,no,no,no,yes,no,no,no,no,,3.0,brown,right,186.0,17.0,17.0,,motor,35.0,0.0,nolunch,0.0,40.0,8.534,59.0,2,1,3+,2.0,24.75,6.75,,no,yes,yes,no,no,no,no,,,,,no,no,no,no,no,no,no,no,,aboutright,aboutright,02:30:00,08:00:00,5.5,16:30:00,,dontknow,54.0,98.0,-41.0,96.0,100.0,100.0,-100.0,100.0,100.0,100.0,100.0,100.0,100.0,100.0
11,Year 11,Taranaki,female,15.0,Age 15,New Zealand,yes,no,no,no,no,no,no,no,,1.0,blue,right,164.0,23.0,16.0,6.0,walk,3.0,7.9,no,2.0,36.0,0.515,15.0,0,0,3+,1.0,6.0,5.0,Don't Have One,yes,yes,yes,yes,no,no,no,never,rarely,always,often,no,no,no,no,no,no,no,yes,toomuch,aboutright,toolittle,23:00:00,06:00:00,7.0,16:00:00,17:30:00,urgent,22.0,61.0,-19.0,22.0,-16.0,-59.0,-80.0,100.0,100.0,100.0,60.0,100.0,100.0,100.0
11,Year 11,Auckland,male,15.0,Age 15,New Zealand,no,no,no,no,no,no,no,no,,1.0,brown,left,127.0,27.0,23.0,8.0,motor,5.0,2.6,yes,0.0,53.0,0.395,4.0,0,0,0,0.0,12.5,,Call Of Duty: Black Ops 4,yes,yes,yes,no,no,no,no,rarely,never,never,never,no,no,no,no,no,no,no,no,aboutright,aboutright,aboutright,23:00:00,12:30:00,13.5,21:00:00,18:00:00,notaproblem,-53.0,-74.0,8.0,-16.0,36.0,100.0,-100.0,-100.0,-100.0,-100.0,-30.0,-36.0,-38.0,-36.0
11,Year 11,Waikato,female,15.0,Age 15,Colombia,no,no,no,no,no,no,no,no,,2.0,brown,right,155.0,22.0,14.0,5.0,bus,10.0,5.5,yes,13.0,51.0,0.433,9.0,0,0,1,1.0,2.5,1.25,Don't Have One,yes,no,no,no,no,no,no,never,rarely,sometimes,never,no,no,no,no,no,no,no,yes,aboutright,toolittle,toolittle,22:30:00,07:00:00,8.5,15:30:00,19:30:00,urgent,15.0,-52.0,-63.0,83.0,40.0,53.0,31.0,80.0,80.0,93.0,25.0,97.0,98.0,98.0
11,Year 11,Bay of Plenty,female,15.0,Age 15,New Zealand,yes,no,no,no,no,no,no,no,,1.0,green,right,169.0,27.0,16.0,9.0,bus,10.0,4.0,yes,1.0,39.0,0.407,10.0,0,1,3+,1.0,7.5,7.0,Minecraft,yes,yes,yes,yes,no,no,no,never,sometimes,always,sometimes,yes,no,no,no,no,no,no,no,toomuch,toomuch,toolittle,23:30:00,07:00:00,7.5,16:00:00,19:30:00,urgent,100.0,55.0,-35.0,-64.0,23.0,-85.0,-48.0,100.0,100.0,13.0,78.0,100.0,100.0,100.0
12,Year 12,Canterbury,male,17.0,Age 17,New Zealand,no,no,no,no,no,no,no,no,Vietnamese,2.0,brown,right,170.0,26.0,16.0,6.0,bus,30.0,3.6,no,0.0,45.0,0.422,4.0,0,0,1,0.0,5.0,6.0,,yes,yes,yes,yes,no,no,no,rarely,rarely,always,rarely,no,no,no,no,yes,no,no,yes,toomuch,toomuch,aboutright,01:00:00,06:30:00,5.5,16:00:00,20:30:00,urgent,39.0,26.0,-64.0,70.0,33.0,38.0,-55.0,-55.0,-55.0,-55.0,61.0,60.0,60.0,62.0
11,Year 11,Canterbury,male,15.0,Age 15,New Zealand,yes,no,no,no,no,no,no,no,,1.0,brown,left,184.0,29.0,10.0,2.0,bus,45.0,10.0,yes,2.0,56.0,0.463,38.0,2,3+,3+,2.0,11.75,2.0,Don't Have One,yes,yes,yes,yes,no,yes,no,often,rarely,always,sometimes,no,no,no,no,no,no,no,yes,aboutright,aboutright,toolittle,22:30:00,06:30:00,8.0,16:00:00,19:00:00,urgent,-19.0,-48.0,-76.0,60.0,33.0,31.0,11.0,83.0,16.0,61.0,61.0,100.0,66.0,100.0
11,Year 11,Taranaki,female,15.0,Age 15,New Zealand,yes,no,no,no,no,no,no,no,,1.0,blue,right,154.0,23.0,16.0,6.0,motor,25.0,4.0,yes,2.0,67.0,0.753,11.0,0,2,3+,2.0,,,Don't Have One,yes,no,yes,yes,no,no,no,sometimes,often,always,never,no,yes,no,no,no,no,no,yes,aboutright,aboutright,toolittle,01:00:00,06:00:00,5.0,16:30:00,19:00:00,urgent,30.0,-73.0,-92.0,84.0,77.0,33.0,91.0,98.0,98.0,97.0,89.0,99.0,98.0,99.0
11,Year 11,Auckland,male,15.0,Age 15,New Zealand,no,no,no,no,no,no,no,no,"Filipino, Vietnamese",1.0,brown,right,164.0,26.0,14.0,9.0,bus,25.0,4.0,yes,1.0,51.0,1.436,130.0,0,0,3+,1.0,0.5,2.0,Don't Have One,yes,yes,yes,yes,no,no,no,often,rarely,always,never,no,no,no,yes,no,no,no,no,aboutright,aboutright,toomuch,22:30:00,06:00:00,7.5,16:00:00,19:00:00,urgent,-100.0,-96.0,-96.0,100.0,51.0,51.0,0.0,100.0,100.0,-100.0,100.0,100.0,15.0,100.0
13,Year 13,Auckland,male,17.0,Age 17,New Zealand,yes,yes,no,no,yes,no,no,no,,2.0,blue,right,185.0,29.0,15.0,,walk,5.0,1.0,nolunch,0.0,58.0,0.54,34.0,0,0,0,0.0,1.5,,Fortnite,yes,yes,yes,yes,no,no,no,always,often,always,rarely,no,no,yes,no,no,no,no,no,aboutright,aboutright,aboutright,24:00:00,08:00:00,8.0,15:30:00,19:00:00,urgent,-38.0,-29.0,56.0,-25.0,16.0,-23.0,-100.0,-100.0,-100.0,-91.0,-100.0,100.0,100.0,100.0
11,Year 11,Hawkes Bay,female,15.0,Age 15,New Zealand,yes,no,no,no,no,no,no,no,,1.0,hazel,right,168.0,27.0,16.0,6.0,motor,10.0,5.0,no,1.0,41.0,0.404,42.0,0,0,3+,0.0,5.0,,Don't Have One,yes,yes,yes,yes,no,no,no,always,sometimes,always,never,yes,yes,yes,yes,yes,yes,yes,yes,toomuch,toomuch,aboutright,21:30:00,07:00:00,9.5,16:30:00,18:30:00,dontknow,100.0,25.0,-100.0,100.0,-56.0,100.0,-100.0,100.0,100.0,100.0,-57.0,100.0,100.0,100.0
11,Year 11,Auckland,female,14.0,Age 14,New Zealand,yes,no,no,no,no,no,no,no,Korean,1.0,brown,right,157.0,22.0,15.0,6.0,walk,45.0,0.7,no,3.0,44.0,0.486,70.0,0,2,3+,0.0,9.0,2.5,Temple Run,yes,yes,yes,yes,yes,no,no,rarely,often,often,rarely,no,no,no,no,no,no,yes,yes,toomuch,toomuch,toolittle,23:30:00,07:30:00,8.0,19:30:00,20:00:00,urgent,,37.0,-60.0,36.0,-16.0,100.0,85.0,95.0,86.0,93.0,100.0,100.0,100.0,100.0
11,Year 11,Taranaki,female,14.0,Age 14,New Zealand,yes,no,no,no,no,no,no,no,,2.0,hazel,ambi,166.0,25.0,17.0,6.0,walk,2.0,4.5,no,3.0,46.0,0.431,34.0,0,,3+,2.0,6.5,3.0,Need for Speed Undercover,yes,yes,yes,yes,no,no,no,sometimes,never,often,sometimes,no,no,no,no,no,no,no,yes,toomuch,aboutright,toolittle,12:00:00,05:30:00,17.5,15:00:00,17:30:00,urgent,100.0,-46.0,-47.0,36.0,100.0,-100.0,-37.0,100.0,100.0,-25.0,100.0,100.0,100.0,100.0
13,Year 13,Canterbury,male,17.0,Age 17,New Zealand,yes,yes,no,no,no,no,no,no,,1.0,brown,left,175.0,14.0,,2.0,walk,15.0,3.0,nolunch,0.0,56.0,0.449,15.0,0,0,1,1.0,0.0,1.0,Don't Have One,yes,no,no,no,no,no,no,never,never,never,never,no,no,no,no,no,no,no,no,toolittle,toolittle,aboutright,21:30:00,04:30:00,7.0,16:00:00,13:00:00,,-23.0,-12.0,-6.0,14.0,-21.0,,-41.0,52.0,34.0,-98.0,-100.0,100.0,100.0,-57.0
11,Year 11,Waikato,male,15.0,Age 15,New Zealand,no,no,no,yes,no,no,no,no,,,brown,right,170.0,25.0,17.0,6.0,motor,7.0,2.0,nolunch,0.0,64.0,0.458,44.0,0,3+,3+,1.0,3.0,6.0,,yes,yes,yes,yes,no,no,no,sometimes,sometimes,always,sometimes,no,no,no,no,no,no,no,no,toomuch,toomuch,toolittle,23:00:00,07:00:00,8.0,15:30:00,19:30:00,future,6.0,61.0,-40.0,100.0,100.0,100.0,-50.0,100.0,62.0,0.0,0.0,100.0,51.0,30.0
12,Year 12,Canterbury,male,16.0,Age 16,New Zealand,yes,no,no,no,no,no,no,no,,1.0,hazel,right,191.0,26.0,18.0,7.0,walk,10.0,7.3,yes,1.0,32.0,0.4,16.0,0,0,3+,1.0,6.0,6.0,Don't Have One,yes,yes,yes,yes,yes,no,no,always,often,always,rarely,no,no,no,no,no,no,yes,no,toomuch,aboutright,aboutright,24:00:00,07:30:00,7.5,16:00:00,18:00:00,urgent,100.0,-100.0,-49.0,48.0,22.0,51.0,-51.0,100.0,47.0,47.0,-100.0,54.0,55.0,55.0
11,Year 11,Bay of Plenty,female,16.0,Age 16,New Zealand,yes,no,no,no,no,no,no,no,,1.0,blue,right,160.0,26.0,19.0,6.0,bus,70.0,,yes,3.0,38.0,0.498,16.0,0,0,0,0.0,0.0,,,yes,yes,yes,yes,no,yes,no,sometimes,sometimes,always,rarely,yes,yes,yes,no,no,no,no,no,toomuch,toomuch,toomuch,02:30:00,07:00:00,4.5,17:00:00,19:00:00,urgent,100.0,-62.0,22.0,66.0,100.0,1.0,-100.0,100.0,100.0,-100.0,-100.0,100.0,100.0,100.0
12,Year 12,Auckland,female,17.0,Age 17,France,yes,no,no,no,no,no,no,no,,2.0,blue,right,167.0,23.0,15.0,6.0,bus,20.0,5.0,yes,1.0,38.0,0.368,4.0,0,0,0,1.0,0.5,2.5,Little Big Planet,yes,no,yes,yes,no,no,no,rarely,sometimes,always,rarely,no,no,no,no,no,yes,no,no,aboutright,toomuch,aboutright,22:00:00,06:30:00,8.5,16:30:00,19:00:00,urgent,22.0,14.0,-38.0,49.0,-60.0,-37.0,68.0,99.0,83.0,51.0,64.0,99.0,99.0,98.0
11,Year 11,Canterbury,male,14.0,Age 14,New Zealand,yes,no,no,no,no,no,no,no,,1.0,blue,left,190.0,31.0,17.0,7.0,bike,10.0,5.0,no,5.0,47.0,1.335,62.0,3+,0,3+,2.0,2.0,1.0,Minecraft,yes,no,yes,no,no,no,no,rarely,rarely,often,rarely,no,no,no,no,no,no,no,yes,toolittle,toolittle,aboutright,21:00:00,07:30:00,10.5,15:30:00,18:00:00,urgent,-58.0,-56.0,34.0,100.0,13.0,33.0,100.0,100.0,100.0,100.0,100.0,100.0,100.0,100.0
11,Year 11,Wellington,female,15.0,Age 15,New Zealand,yes,no,no,no,no,no,no,no,,1.0,brown,right,175.0,25.0,17.0,6.0,motor,10.0,0.0,yes,2.0,28.0,0.337,,0,2,1,2.0,1.75,5.25,The Sims 4,yes,yes,yes,yes,no,no,no,always,sometimes,always,never,no,no,yes,no,no,yes,no,yes,toomuch,toomuch,toolittle,12:30:00,07:30:00,19.0,16:00:00,17:30:00,urgent,-36.0,34.0,-26.0,18.0,25.0,33.0,100.0,100.0,100.0,100.0,100.0,100.0,100.0,100.0
11,Year 11,Waikato,male,15.0,Age 15,New Zealand,yes,no,no,no,no,no,no,no,,1.0,brown,right,170.0,26.0,14.0,10.0,,,,,,,,,2,1,3+,2.0,9.0,2.25,True Surf,yes,no,yes,yes,no,yes,no,sometimes,rarely,often,sometimes,no,no,no,yes,no,no,no,yes,aboutright,toomuch,toolittle,21:30:00,07:00:00,9.5,15:30:00,17:30:00,urgent,-52.0,-67.0,-72.0,2.0,39.0,56.0,-97.0,-49.0,87.0,-67.0,-89.0,61.0,42.0,62.0
